0.0,0.0,-164.405,258.254,-228.968,295.439,-678.976,-254.354,-678.976,-254.354,-95.95,205.432,-678.976,-254.354,-678.976,-254.354,-678.976,-254.354,-678.976,-254.354,-678.976,-254.354,-678.976,-254.354,-678.976,-254.354,-678.976,-254.354,-56.806,-44.991,-0.133,-45.028,-160.522,-19.58,-678.976,-254.354,
0.0,0.0,-170.139,258.266,-232.725,299.353,-680.797,-254.348,-680.797,-254.348,-99.719,213.266,-680.797,-254.348,-680.797,-254.348,-680.797,-254.348,-680.797,-254.348,-680.797,-254.348,-680.797,-254.348,-680.797,-254.348,-680.797,-254.348,-58.608,-44.971,-1.952,-45.027,-164.293,-15.672,-680.797,-254.348,
0.0,0.0,-168.205,258.27,-232.749,299.332,-680.805,-254.347,-680.805,-254.347,-99.716,211.311,-680.805,-254.347,-680.805,-254.347,-680.805,-254.347,-680.805,-254.347,-680.805,-254.347,-680.805,-254.347,-680.805,-254.347,-680.805,-254.347,-58.605,-44.956,-1.973,-45.016,-166.238,-13.701,-680.805,-254.347,
0.0,0.0,-170.195,262.188,-232.804,301.31,-680.84,-254.333,-680.84,-254.333,-97.807,209.361,-680.84,-254.333,-680.84,-254.333,-680.84,-254.333,-680.84,-254.333,-680.84,-254.333,-680.84,-254.333,-680.84,-254.333,-680.84,-254.333,-58.644,-43.094,-2.001,-45.008,-166.273,-13.705,-680.84,-254.333,
0.0,0.0,-170.229,254.345,-236.751,295.409,-680.876,-254.364,-680.876,-254.364,-105.653,191.733,-680.876,-254.364,-680.876,-254.364,-680.876,-254.364,-680.876,-254.364,-680.876,-254.364,-680.876,-254.364,-680.876,-254.364,-680.876,-254.364,-62.581,-43.1,-1.982,-44.982,-158.504,-21.545,-680.876,-254.364,
0.0,0.0,-170.238,250.436,-234.81,287.622,-680.894,-254.333,-680.894,-254.333,-109.562,189.804,-680.894,-254.333,-680.894,-254.333,-680.894,-254.333,-680.894,-254.333,-680.894,-254.333,-680.894,-254.333,-680.894,-254.333,-680.894,-254.333,-62.68,-44.929,-2.012,-45.045,-164.371,-13.686,-680.894,-254.333,
0.0,0.0,-170.236,250.405,-232.879,285.638,-680.909,-254.358,-680.909,-254.358,-107.654,191.739,-680.909,-254.358,-680.909,-254.358,-680.909,-254.358,-680.909,-254.358,-680.909,-254.358,-680.909,-254.358,-680.909,-254.358,-680.909,-254.358,-62.613,-45.006,-2.013,-45.041,-158.51,-19.591,-680.909,-254.358,
0.0,0.0,-168.278,252.364,-232.824,291.481,-680.887,-254.39,-680.887,-254.39,-105.658,185.831,-680.887,-254.39,-680.887,-254.39,-680.887,-254.39,-680.887,-254.39,-680.887,-254.39,-680.887,-254.39,-680.887,-254.39,-680.887,-254.39,-62.566,-43.082,-1.992,-43.156,-156.539,-17.655,-680.887,-254.39,
0.0,0.0,-168.297,252.515,-223.078,289.676,-680.906,-256.198,-680.906,-256.198,-119.376,232.928,-680.906,-256.198,-680.906,-256.198,-680.906,-256.198,-680.906,-256.198,-680.906,-256.198,-680.906,-256.198,-680.906,-256.198,-680.906,-256.198,-60.638,-44.89,-2.053,-44.931,-158.524,-23.38,-680.906,-256.198,
0.0,0.0,-162.437,246.489,-219.169,281.706,-680.914,-254.373,-680.914,-254.373,-105.7,179.981,-680.914,-254.373,-680.914,-254.373,-680.914,-254.373,-680.914,-254.373,-680.914,-254.373,-680.914,-254.373,-680.914,-254.373,-680.914,-254.373,-56.787,-43.038,-2.064,-44.945,-162.433,-17.631,-680.914,-254.373,
0.0,0.0,-160.505,252.351,-219.19,287.584,-680.934,-254.374,-680.934,-254.374,-101.801,183.9,-680.934,-254.374,-680.934,-254.374,-680.934,-254.374,-680.934,-254.374,-680.934,-254.374,-680.934,-254.374,-680.934,-254.374,-680.934,-254.374,-54.879,-43.081,-2.061,-44.951,-158.562,-19.606,-680.934,-254.374,
0.0,0.0,-160.48,252.472,-232.87,295.523,-680.921,-256.211,-680.921,-256.211,-95.952,184.025,-680.921,-256.211,-680.921,-256.211,-680.921,-256.211,-680.921,-256.211,-680.921,-256.211,-680.921,-256.211,-680.921,-256.211,-680.921,-256.211,-54.814,-44.941,-1.979,-44.958,-154.64,-25.352,-680.921,-256.211,
0.0,0.0,-160.517,244.678,-219.229,283.802,-680.957,-256.197,-680.957,-256.197,-101.833,203.579,-680.957,-256.197,-680.957,-256.197,-680.957,-256.197,-680.957,-256.197,-680.957,-256.197,-680.957,-256.197,-680.957,-256.197,-680.957,-256.197,-52.923,-44.967,-0.173,-46.79,-158.585,-27.282,-680.957,-256.197,
0.0,0.0,-160.474,240.747,-234.821,279.877,-682.876,-256.207,-682.876,-256.207,-97.876,189.896,-682.876,-256.207,-682.876,-256.207,-682.876,-256.207,-682.876,-256.207,-682.876,-256.207,-682.876,-256.207,-682.876,-256.207,-682.876,-256.207,-51.014,-44.975,-2.015,-46.789,-152.683,-29.245,-682.876,-256.207,
0.0,0.0,-164.315,242.588,-224.961,273.908,-686.706,-254.371,-686.706,-254.371,-103.674,191.721,-686.706,-254.371,-686.706,-254.371,-686.706,-254.371,-686.706,-254.371,-686.706,-254.371,-686.706,-254.371,-686.706,-254.371,-686.706,-254.371,-54.761,-44.98,-5.773,-44.995,-160.395,-27.429,-686.706,-254.371,
0.0,0.0,-164.336,244.553,-197.594,262.165,-688.688,-254.364,-688.688,-254.364,-111.508,201.504,-688.688,-254.364,-688.688,-254.364,-688.688,-254.364,-688.688,-254.364,-688.688,-254.364,-688.688,-254.364,-688.688,-254.364,-688.688,-254.364,-56.652,-45.018,-5.893,-44.973,-158.476,-29.336,-688.688,-254.364,
0.0,0.0,-168.236,236.745,-217.15,270.002,-692.584,-254.345,-692.584,-254.345,-109.534,180.004,-692.584,-254.345,-692.584,-254.345,-692.584,-254.345,-692.584,-254.345,-692.584,-254.345,-692.584,-254.345,-692.584,-254.345,-692.584,-254.345,-58.734,-45.0,-9.751,-44.941,-164.343,-23.465,-692.584,-254.345,
0.0,0.0,-168.303,264.196,-260.246,307.244,-692.632,-254.286,-692.632,-254.286,-103.729,203.545,-692.632,-254.286,-692.632,-254.286,-692.632,-254.286,-692.632,-254.286,-692.632,-254.286,-692.632,-254.286,-692.632,-254.286,-692.632,-254.286,-58.746,-44.952,-9.774,-44.927,-170.248,-15.58,-692.632,-254.286,
0.0,0.0,-170.148,269.959,-246.454,309.12,-694.497,-252.415,-694.497,-252.415,-107.533,238.664,-694.497,-252.415,-694.497,-252.415,-694.497,-252.415,-694.497,-252.415,-694.497,-252.415,-694.497,-252.415,-694.497,-252.415,-694.497,-252.415,-60.555,-43.124,-11.615,-43.086,-176.016,-13.719,-694.497,-252.415,
0.0,0.0,-168.226,281.775,-244.536,320.9,-694.544,-252.36,-694.544,-252.36,-89.979,242.65,-694.544,-252.36,-694.544,-252.36,-694.544,-252.36,-694.544,-252.36,-694.544,-252.36,-694.544,-252.36,-694.544,-252.36,-694.544,-252.36,-60.546,-43.079,-9.775,-43.027,-176.051,-11.715,-694.544,-252.36,
0.0,0.0,-174.147,270.062,-191.771,287.653,-694.594,-252.35,-694.594,-252.35,-109.595,248.507,-694.594,-252.35,-694.594,-252.35,-694.594,-252.35,-694.594,-252.35,-694.594,-252.35,-694.594,-252.35,-694.594,-252.35,-694.594,-252.35,-58.747,-44.971,-7.88,-43.025,-164.392,-23.43,-694.594,-252.35,
0.0,0.0,-164.403,275.923,-236.796,320.908,-694.629,-250.397,-694.629,-250.397,-54.857,248.531,-694.629,-250.397,-694.629,-250.397,-694.629,-250.397,-694.629,-250.397,-694.629,-250.397,-694.629,-250.397,-694.629,-250.397,-694.629,-250.397,-58.734,-43.031,-7.898,-41.14,-168.325,-13.65,-694.629,-250.397,
0.0,0.0,-164.294,275.828,-193.644,305.191,-696.46,-248.499,-696.46,-248.499,-50.827,246.525,-696.46,-248.499,-696.46,-248.499,-696.46,-248.499,-696.46,-248.499,-696.46,-248.499,-696.46,-248.499,-696.46,-248.499,-696.46,-248.499,-60.545,-43.096,-7.796,-41.094,-176.008,-7.835,-696.46,-248.499,
0.0,0.0,-168.228,273.916,-226.927,318.911,-696.493,-248.486,-696.493,-248.486,-54.763,250.42,-696.493,-248.486,-696.493,-248.486,-696.493,-248.486,-696.493,-248.486,-696.493,-248.486,-696.493,-248.486,-696.493,-248.486,-696.493,-248.486,-58.678,-45.04,-7.807,-41.082,-172.167,-7.861,-696.493,-248.486,
0.0,0.0,-176.082,273.886,-189.786,305.183,-696.516,-246.56,-696.516,-246.56,-696.516,-246.56,-696.516,-246.56,-696.516,-246.56,-696.516,-246.56,-696.516,-246.56,-696.516,-246.56,-696.516,-246.56,-696.516,-246.56,-696.516,-246.56,-58.718,-45.045,-7.8,-39.22,-172.187,-5.936,-696.516,-246.56,
0.0,0.0,-174.115,279.728,-189.757,318.834,-696.495,-244.629,-696.495,-244.629,-696.495,-244.629,-696.495,-244.629,-696.495,-244.629,-696.495,-244.629,-696.495,-244.629,-696.495,-244.629,-696.495,-244.629,-696.495,-244.629,-696.495,-244.629,-60.577,-46.934,-5.863,-37.306,-174.101,-5.928,-696.495,-244.629,
0.0,0.0,-170.193,281.769,-209.333,320.877,-696.509,-244.552,-696.509,-244.552,-93.91,250.458,-696.509,-244.552,-696.509,-244.552,-696.509,-244.552,-696.509,-244.552,-696.509,-244.552,-696.509,-244.552,-696.509,-244.552,-696.509,-244.552,-60.577,-46.929,-5.874,-41.047,-178.015,-3.915,-696.509,-244.552,
0.0,0.0,-172.149,287.526,-197.589,316.875,-696.498,-242.687,-696.498,-242.687,-80.204,242.531,-696.498,-242.687,-696.498,-242.687,-696.498,-242.687,-696.498,-242.687,-696.498,-242.687,-696.498,-242.687,-696.498,-242.687,-696.498,-242.687,-60.587,-45.09,-7.778,-41.185,-183.867,1.896,-696.498,-242.687,
0.0,0.0,-170.177,281.738,-215.185,313.034,-696.493,-242.624,-696.493,-242.624,-80.199,236.728,-696.493,-242.624,-696.493,-242.624,-696.493,-242.624,-696.493,-242.624,-696.493,-242.624,-696.493,-242.624,-696.493,-242.624,-696.493,-242.624,-60.655,-45.013,-7.812,-43.043,-181.931,1.923,-696.493,-242.624,
0.0,0.0,-166.288,281.762,-244.544,315.029,-696.502,-242.586,-696.502,-242.586,-88.031,246.538,-696.502,-242.586,-696.502,-242.586,-696.502,-242.586,-696.502,-242.586,-696.502,-242.586,-696.502,-242.586,-696.502,-242.586,-696.502,-242.586,-62.499,-44.977,-9.732,-44.909,-179.996,3.933,-696.502,-242.586,
0.0,0.0,-164.315,281.712,-236.701,324.762,-696.48,-242.618,-696.48,-242.618,-88.0,246.501,-696.48,-242.618,-696.48,-242.618,-696.48,-242.618,-696.48,-242.618,-696.48,-242.618,-696.48,-242.618,-696.48,-242.618,-696.48,-242.618,-62.495,-45.01,-9.721,-44.933,-178.001,1.946,-696.48,-242.618,
0.0,0.0,-170.135,291.49,-219.072,318.886,-696.457,-242.636,-696.457,-242.636,-70.367,250.414,-696.457,-242.636,-696.457,-242.636,-696.457,-242.636,-696.457,-242.636,-696.457,-242.636,-696.457,-242.636,-696.457,-242.636,-696.457,-242.636,-62.507,-45.01,-9.736,-43.099,-177.987,-0.023,-696.457,-242.636,
0.0,0.0,-183.96,301.275,-694.621,-242.635,-694.621,-242.635,-694.621,-242.635,-694.621,-242.635,-694.621,-242.635,-694.621,-242.635,-694.621,-242.635,-694.621,-242.635,-694.621,-242.635,-694.621,-242.635,-694.621,-242.635,-694.621,-242.635,-60.699,-44.992,-9.828,-43.092,-174.206,-0.037,-694.621,-242.635,
0.0,0.0,-185.891,307.184,-694.575,-242.604,-694.575,-242.604,-694.575,-242.604,-694.575,-242.604,-694.575,-242.604,-694.575,-242.604,-694.575,-242.604,-694.575,-242.604,-694.575,-242.604,-694.575,-242.604,-694.575,-242.604,-694.575,-242.604,-60.687,-44.948,-11.694,-44.951,-174.156,0.02,-694.575,-242.604,
0.0,0.0,-191.696,309.112,-127.132,313.036,-694.521,-242.624,-694.521,-242.624,-295.395,314.986,-694.521,-242.624,-694.521,-242.624,-694.521,-242.624,-694.521,-242.624,-694.521,-242.624,-694.521,-242.624,-694.521,-242.624,-694.521,-242.624,-60.642,-44.967,-11.685,-43.081,-174.081,0.024,-694.521,-242.624,
0.0,0.0,-193.628,313.032,-109.5,322.805,-694.51,-242.629,-694.51,-242.629,-295.394,314.967,-694.51,-242.629,-694.51,-242.629,-694.51,-242.629,-694.51,-242.629,-694.51,-242.629,-694.51,-242.629,-694.51,-242.629,-694.51,-242.629,-60.667,-44.98,-13.576,-44.956,-176.017,-0.023,-694.51,-242.629,
0.0,0.0,-189.818,313.054,-111.565,318.889,-692.644,-242.627,-692.644,-242.627,-295.454,316.936,-692.644,-242.627,-692.644,-242.627,-692.644,-242.627,-692.644,-242.627,-692.644,-242.627,-692.644,-242.627,-692.644,-242.627,-692.644,-242.627,-60.653,-45.005,-11.762,-44.97,-170.288,-1.975,-692.644,-242.627,
0.0,0.0,-187.779,307.194,-134.96,307.22,-692.574,-242.577,-692.574,-242.577,-692.574,-242.577,-692.574,-242.577,-692.574,-242.577,-692.574,-242.577,-692.574,-242.577,-692.574,-242.577,-692.574,-242.577,-692.574,-242.577,-692.574,-242.577,-60.631,-44.939,-11.731,-44.947,-174.111,5.883,-692.574,-242.577,
0.0,0.0,-185.812,309.192,-136.942,311.192,-692.564,-242.533,-692.564,-242.533,-692.564,-242.533,-692.564,-242.533,-692.564,-242.533,-692.564,-242.533,-692.564,-242.533,-692.564,-242.533,-692.564,-242.533,-692.564,-242.533,-692.564,-242.533,-60.681,-44.899,-11.744,-46.806,-176.045,5.924,-692.564,-242.533,
0.0,0.0,-183.913,309.14,-138.935,318.918,-690.653,-240.647,-690.653,-240.647,-690.653,-240.647,-690.653,-240.647,-690.653,-240.647,-690.653,-240.647,-690.653,-240.647,-690.653,-240.647,-690.653,-240.647,-690.653,-240.647,-690.653,-240.647,-60.634,-43.004,-9.867,-44.941,-174.156,5.888,-690.653,-240.647,
0.0,0.0,-170.222,297.4,-690.661,-240.651,-690.661,-240.651,-690.661,-240.651,-43.03,254.358,-690.661,-240.651,-690.661,-240.651,-690.661,-240.651,-690.661,-240.651,-690.661,-240.651,-690.661,-240.651,-690.661,-240.651,-690.661,-240.651,-62.605,-43.02,-11.682,-45.018,-172.172,3.912,-690.661,-240.651,
0.0,0.0,-179.959,307.2,-690.613,-240.617,-690.613,-240.617,-690.613,-240.617,-690.613,-240.617,-690.613,-240.617,-690.613,-240.617,-690.613,-240.617,-690.613,-240.617,-690.613,-240.617,-690.613,-240.617,-690.613,-240.617,-690.613,-240.617,-64.515,-42.99,-11.675,-44.96,-172.139,5.917,-690.613,-240.617,
0.0,0.0,-180.011,305.275,-688.718,-240.591,-688.718,-240.591,-688.718,-240.591,-688.718,-240.591,-688.718,-240.591,-688.718,-240.591,-688.718,-240.591,-688.718,-240.591,-688.718,-240.591,-688.718,-240.591,-688.718,-240.591,-688.718,-240.591,-64.562,-43.0,-9.773,-44.959,-168.303,3.976,-688.718,-240.591,
0.0,0.0,-174.146,301.286,-181.969,307.136,-688.707,-238.733,-688.707,-238.733,-103.717,271.922,-688.707,-238.733,-688.707,-238.733,-688.707,-238.733,-688.707,-238.733,-688.707,-238.733,-688.707,-238.733,-688.707,-238.733,-688.707,-238.733,-62.628,-41.155,-9.786,-43.115,-170.221,1.937,-688.707,-238.733,
0.0,0.0,-176.096,299.376,-181.944,305.238,-688.696,-238.676,-688.696,-238.676,-688.696,-238.676,-688.696,-238.676,-688.696,-238.676,-688.696,-238.676,-688.696,-238.676,-688.696,-238.676,-688.696,-238.676,-688.696,-238.676,-688.696,-238.676,-64.56,-42.906,-9.844,-43.069,-166.325,0.00200000000001,-688.696,-238.676,
0.0,0.0,-181.972,301.383,-181.989,305.292,-686.758,-238.626,-686.758,-238.626,-686.758,-238.626,-686.758,-238.626,-686.758,-238.626,-686.758,-238.626,-686.758,-238.626,-686.758,-238.626,-686.758,-238.626,-686.758,-238.626,-686.758,-238.626,-62.645,-42.872,-7.933,-44.887,-166.317,2.015,-686.758,-238.626,
0.0,0.0,-180.017,307.14,-684.807,-234.817,-684.807,-234.817,-684.807,-234.817,-684.807,-234.817,-684.807,-234.817,-684.807,-234.817,-684.807,-234.817,-684.807,-234.817,-684.807,-234.817,-684.807,-234.817,-684.807,-234.817,-684.807,-234.817,-62.603,-39.072,-5.995,-41.137,-168.27,7.813,-684.807,-234.817,
0.0,0.0,-183.947,311.091,-684.822,-234.773,-684.822,-234.773,-684.822,-234.773,-684.822,-234.773,-684.822,-234.773,-684.822,-234.773,-684.822,-234.773,-684.822,-234.773,-684.822,-234.773,-684.822,-234.773,-684.822,-234.773,-684.822,-234.773,-62.674,-39.033,-6.013,-43.007,-174.182,9.814,-684.822,-234.773,
0.0,0.0,-191.708,315.018,-138.888,326.762,-686.721,-234.76,-686.721,-234.76,-686.721,-234.76,-686.721,-234.76,-686.721,-234.76,-686.721,-234.76,-686.721,-234.76,-686.721,-234.76,-686.721,-234.76,-686.721,-234.76,-686.721,-234.76,-68.504,-39.072,-9.752,-43.011,-162.357,-1.927,-686.721,-234.76,
0.0,0.0,-183.935,318.904,-144.823,328.702,-684.801,-232.83,-684.801,-232.83,-684.801,-232.83,-684.801,-232.83,-684.801,-232.83,-684.801,-232.83,-684.801,-232.83,-684.801,-232.83,-684.801,-232.83,-684.801,-232.83,-684.801,-232.83,-66.569,-37.175,-7.91,-41.135,-158.486,3.898,-684.801,-232.83,
0.0,0.0,-183.917,324.727,-144.776,334.53,-684.791,-230.914,-684.791,-230.914,-684.791,-230.914,-684.791,-230.914,-684.791,-230.914,-684.791,-230.914,-684.791,-230.914,-684.791,-230.914,-684.791,-230.914,-684.791,-230.914,-684.791,-230.914,-66.578,-35.263,-9.793,-41.168,-160.411,7.79,-684.791,-230.914,
0.0,0.0,-182.007,324.762,-133.102,334.543,-682.87,-230.889,-682.87,-230.889,-682.87,-230.889,-682.87,-230.889,-682.87,-230.889,-682.87,-230.889,-682.87,-230.889,-682.87,-230.889,-682.87,-230.889,-682.87,-230.889,-682.87,-230.889,-66.506,-35.206,-11.765,-43.037,-158.555,13.667,-682.87,-230.889,
0.0,0.0,-133.085,232.819,-682.844,-230.882,-682.844,-230.882,-682.844,-230.882,-682.844,-230.882,-682.844,-230.882,-682.844,-230.882,-682.844,-230.882,-682.844,-230.882,-682.844,-230.882,-682.844,-230.882,-682.844,-230.882,-682.844,-230.882,-66.523,-35.201,-13.689,-41.127,-160.433,7.808,-682.844,-230.882,
0.0,0.0,-164.317,309.116,-682.796,-230.873,-682.796,-230.873,-682.796,-230.873,-101.711,277.831,-682.796,-230.873,-682.796,-230.873,-682.796,-230.873,-682.796,-230.873,-682.796,-230.873,-682.796,-230.873,-682.796,-230.873,-682.796,-230.873,-66.462,-35.136,-13.646,-39.111,-158.448,11.771,-682.796,-230.873,
0.0,0.0,-160.549,301.307,-189.864,322.824,-680.963,-230.872,-680.963,-230.872,-76.399,236.744,-680.963,-230.872,-680.963,-230.872,-680.963,-230.872,-680.963,-230.872,-680.963,-230.872,-680.963,-230.872,-680.963,-230.872,-680.963,-230.872,-64.69,-35.139,-11.849,-39.171,-154.665,7.816,-680.963,-230.872,
0.0,0.0,-160.517,295.381,-191.81,328.65,-680.944,-230.912,-680.944,-230.912,-82.245,226.919,-680.944,-230.912,-680.944,-230.912,-680.944,-230.912,-680.944,-230.912,-680.944,-230.912,-680.944,-230.912,-680.944,-230.912,-680.944,-230.912,-64.647,-33.285,-11.848,-39.164,-158.523,13.641,-680.944,-230.912,
0.0,0.0,-158.543,291.524,-201.581,330.651,-680.935,-232.82,-680.935,-232.82,-82.246,236.737,-680.935,-232.82,-680.935,-232.82,-680.935,-232.82,-680.935,-232.82,-680.935,-232.82,-680.935,-232.82,-680.935,-232.82,-680.935,-232.82,-64.643,-33.217,-11.838,-39.207,-158.534,11.736,-680.935,-232.82,
0.0,0.0,-154.623,293.427,-199.624,330.608,-680.927,-232.868,-680.927,-232.868,-68.539,242.577,-680.927,-232.868,-680.927,-232.868,-680.927,-232.868,-680.927,-232.868,-680.927,-232.868,-680.927,-232.868,-680.927,-232.868,-680.927,-232.868,-64.635,-29.366,-13.699,-39.243,-158.557,11.706,-680.927,-232.868,
0.0,0.0,-162.447,303.235,-680.927,-234.804,-680.927,-234.804,-680.927,-234.804,-97.882,271.926,-680.927,-234.804,-680.927,-234.804,-680.927,-234.804,-680.927,-234.804,-680.927,-234.804,-680.927,-234.804,-680.927,-234.804,-680.927,-234.804,-64.603,-29.337,-13.73,-41.146,-158.497,7.809,-680.927,-234.804,
0.0,0.0,-158.529,293.516,-185.901,309.174,-680.909,-236.698,-680.909,-236.698,-93.963,268.067,-680.909,-236.698,-680.909,-236.698,-680.909,-236.698,-680.909,-236.698,-680.909,-236.698,-680.909,-236.698,-680.909,-236.698,-680.909,-236.698,-64.599,-29.328,-13.722,-42.993,-156.549,3.98,-680.909,-236.698,
0.0,0.0,-156.559,279.842,-185.9,313.113,-680.912,-238.626,-680.912,-238.626,-66.579,228.99,-680.912,-238.626,-680.912,-238.626,-680.912,-238.626,-680.912,-238.626,-680.912,-238.626,-680.912,-238.626,-680.912,-238.626,-680.912,-238.626,-64.622,-31.253,-13.73,-44.874,-156.6,2.033,-680.912,-238.626,
0.0,0.0,-154.606,273.97,-187.841,315.058,-680.904,-238.636,-680.904,-238.636,-70.469,225.065,-680.904,-238.636,-680.904,-238.636,-680.904,-238.636,-680.904,-238.636,-680.904,-238.636,-680.904,-238.636,-680.904,-238.636,-680.904,-238.636,-64.602,-31.253,-13.707,-44.879,-156.558,2.007,-680.904,-238.636,
0.0,0.0,-154.581,285.708,-193.726,324.817,-680.899,-238.655,-680.899,-238.655,-58.722,246.551,-680.899,-238.655,-680.899,-238.655,-680.899,-238.655,-680.899,-238.655,-680.899,-238.655,-680.899,-238.655,-680.899,-238.655,-680.899,-238.655,-64.594,-29.415,-13.658,-43.077,-156.575,3.955,-680.899,-238.655,
0.0,0.0,-152.601,275.854,-203.462,322.815,-682.808,-238.708,-682.808,-238.708,-70.425,223.024,-682.808,-238.708,-682.808,-238.708,-682.808,-238.708,-682.808,-238.708,-682.808,-238.708,-682.808,-238.708,-682.808,-238.708,-682.808,-238.708,-66.485,-29.414,-13.698,-43.125,-156.521,3.882,-682.808,-238.708,
0.0,0.0,-156.519,271.939,-189.799,320.85,-682.836,-238.714,-682.836,-238.714,-84.166,199.56,-682.836,-238.714,-682.836,-238.714,-682.836,-238.714,-682.836,-238.714,-682.836,-238.714,-682.836,-238.714,-682.836,-238.714,-682.836,-238.714,-66.452,-29.407,-13.708,-43.129,-158.485,1.945,-682.836,-238.714,
0.0,0.0,-154.577,273.956,-213.269,318.962,-682.838,-240.598,-682.838,-240.598,-80.219,215.275,-682.838,-240.598,-682.838,-240.598,-682.838,-240.598,-682.838,-240.598,-682.838,-240.598,-682.838,-240.598,-682.838,-240.598,-682.838,-240.598,-64.607,-31.263,-11.781,-44.938,-158.475,5.906,-682.838,-240.598,
0.0,0.0,-158.447,281.782,-215.191,324.804,-684.759,-240.626,-684.759,-240.626,-70.414,234.813,-684.759,-240.626,-684.759,-240.626,-684.759,-240.626,-684.759,-240.626,-684.759,-240.626,-684.759,-240.626,-684.759,-240.626,-684.759,-240.626,-66.487,-31.253,-11.725,-44.943,-162.335,5.91,-684.759,-240.626,
0.0,0.0,-158.473,279.867,-226.956,319.006,-686.746,-240.573,-686.746,-240.573,-72.396,240.73,-686.746,-240.573,-686.746,-240.573,-686.746,-240.573,-686.746,-240.573,-686.746,-240.573,-686.746,-240.573,-686.746,-240.573,-686.746,-240.573,-68.43,-31.208,-11.739,-44.919,-162.426,4.002,-686.746,-240.573,
0.0,0.0,-158.47,273.993,-228.908,317.051,-688.697,-240.572,-688.697,-240.572,-74.352,232.901,-688.697,-240.572,-688.697,-240.572,-688.697,-240.572,-688.697,-240.572,-688.697,-240.572,-688.697,-240.572,-688.697,-240.572,-688.697,-240.572,-70.365,-31.219,-11.745,-44.904,-168.259,3.991,-688.697,-240.572,
0.0,0.0,-158.494,279.756,-232.854,324.757,-688.717,-238.72,-688.717,-238.72,-74.383,234.76,-688.717,-238.72,-688.717,-238.72,-688.717,-238.72,-688.717,-238.72,-688.717,-238.72,-688.717,-238.72,-688.717,-238.72,-688.717,-238.72,-68.519,-29.394,-11.754,-43.109,-166.337,1.959,-688.717,-238.72,
0.0,0.0,-152.625,285.72,-234.78,318.996,-690.66,-238.635,-690.66,-238.635,-56.739,254.411,-690.66,-238.635,-690.66,-238.635,-690.66,-238.635,-690.66,-238.635,-690.66,-238.635,-690.66,-238.635,-690.66,-238.635,-690.66,-238.635,-70.407,-29.323,-11.841,-43.036,-162.397,4.001,-690.66,-238.635,
0.0,0.0,-152.544,289.542,-228.848,334.539,-692.537,-236.75,-692.537,-236.75,-46.884,258.231,-692.537,-236.75,-692.537,-236.75,-692.537,-236.75,-692.537,-236.75,-692.537,-236.75,-692.537,-236.75,-692.537,-236.75,-692.537,-236.75,-72.281,-27.489,-13.656,-42.999,-164.285,5.885,-692.537,-236.75,
0.0,0.0,-150.658,287.57,-228.91,324.754,-692.608,-234.8,-692.608,-234.8,-44.99,258.255,-692.608,-234.8,-692.608,-234.8,-692.608,-234.8,-692.608,-234.8,-692.608,-234.8,-692.608,-234.8,-692.608,-234.8,-692.608,-234.8,-70.408,-27.384,-13.702,-41.04,-162.41,7.837,-692.608,-234.8,
0.0,0.0,-150.652,285.655,-238.686,328.686,-692.611,-234.782,-692.611,-234.782,-33.274,258.236,-692.611,-234.782,-692.611,-234.782,-692.611,-234.782,-692.611,-234.782,-692.611,-234.782,-692.611,-234.782,-692.611,-234.782,-692.611,-234.782,-68.449,-27.447,-13.696,-41.053,-162.37,7.842,-692.611,-234.782,
0.0,0.0,-154.567,287.537,-236.763,330.592,-692.625,-230.921,-692.625,-230.921,-74.364,242.547,-692.625,-230.921,-692.625,-230.921,-692.625,-230.921,-692.625,-230.921,-692.625,-230.921,-692.625,-230.921,-692.625,-230.921,-692.625,-230.921,-64.598,-27.461,-13.636,-37.304,-162.403,7.754,-692.625,-230.921,
0.0,0.0,-158.458,283.715,-234.789,332.629,-694.56,-232.808,-694.56,-232.808,-84.124,228.932,-694.56,-232.808,-694.56,-232.808,-694.56,-232.808,-694.56,-232.808,-694.56,-232.808,-694.56,-232.808,-694.56,-232.808,-694.56,-232.808,-66.533,-33.229,-13.773,-41.114,-164.33,3.949,-694.56,-232.808,
0.0,0.0,-158.524,281.752,-234.815,330.678,-694.597,-230.855,-694.597,-230.855,-91.983,221.102,-694.597,-230.855,-694.597,-230.855,-694.597,-230.855,-694.597,-230.855,-694.597,-230.855,-694.597,-230.855,-694.597,-230.855,-694.597,-230.855,-64.636,-33.26,-13.75,-41.099,-162.415,5.906,-694.597,-230.855,
0.0,0.0,-158.494,285.583,-240.658,336.456,-694.579,-228.976,-694.579,-228.976,-91.964,226.901,-694.579,-228.976,-694.579,-228.976,-694.579,-228.976,-694.579,-228.976,-694.579,-228.976,-694.579,-228.976,-694.579,-228.976,-694.579,-228.976,-64.565,-33.264,-13.71,-43.095,-156.577,9.701,-694.579,-228.976,
0.0,0.0,-696.456,-228.982,-696.456,-228.982,-696.456,-228.982,-696.456,-228.982,-696.456,-228.982,-696.456,-228.982,-696.456,-228.982,-696.456,-228.982,-696.456,-228.982,-696.456,-228.982,-696.456,-228.982,-696.456,-228.982,-696.456,-228.982,-64.59,-33.329,-15.532,-43.11,-162.345,7.774,-696.456,-228.982,
0.0,0.0,-160.387,283.657,-236.701,338.444,-696.485,-228.953,-696.485,-228.953,-97.78,215.177,-696.485,-228.953,-696.485,-228.953,-696.485,-228.953,-696.485,-228.953,-696.485,-228.953,-696.485,-228.953,-696.485,-228.953,-696.485,-228.953,-64.549,-33.342,-15.518,-43.069,-162.371,7.771,-696.485,-228.953,
0.0,0.0,-158.477,281.707,-240.667,332.551,-696.534,-228.96,-696.534,-228.96,-95.873,240.61,-696.534,-228.96,-696.534,-228.96,-696.534,-228.96,-696.534,-228.96,-696.534,-228.96,-696.534,-228.96,-696.534,-228.96,-696.534,-228.96,-64.567,-35.196,-13.69,-41.098,-162.412,3.871,-696.534,-228.96,
0.0,0.0,-156.585,283.716,-240.685,328.726,-696.565,-230.855,-696.565,-230.855,-93.952,238.706,-696.565,-230.855,-696.565,-230.855,-696.565,-230.855,-696.565,-230.855,-696.565,-230.855,-696.565,-230.855,-696.565,-230.855,-696.565,-230.855,-64.531,-37.107,-13.698,-41.078,-168.288,5.876,-696.565,-230.855,
0.0,0.0,-154.624,285.576,-248.535,326.676,-696.584,-228.973,-696.584,-228.973,-80.267,244.514,-696.584,-228.973,-696.584,-228.973,-696.584,-228.973,-696.584,-228.973,-696.584,-228.973,-696.584,-228.973,-696.584,-228.973,-696.584,-228.973,-62.736,-35.245,-13.728,-41.151,-158.587,5.795,-696.584,-228.973,
0.0,0.0,-158.576,285.653,-240.739,332.595,-696.604,-230.873,-696.604,-230.873,-90.078,242.608,-696.604,-230.873,-696.604,-230.873,-696.604,-230.873,-696.604,-230.873,-696.604,-230.873,-696.604,-230.873,-696.604,-230.873,-696.604,-230.873,-62.707,-37.171,-11.835,-41.068,-166.389,11.736,-696.604,-230.873,
0.0,0.0,-158.59,291.49,-238.799,338.443,-696.624,-230.897,-696.624,-230.897,-88.142,254.318,-696.624,-230.897,-696.624,-230.897,-696.624,-230.897,-696.624,-230.897,-696.624,-230.897,-696.624,-230.897,-696.624,-230.897,-696.624,-230.897,-62.692,-37.176,-11.826,-39.187,-170.318,7.788,-696.624,-230.897,
0.0,0.0,-156.606,289.586,-236.814,338.508,-696.605,-232.814,-696.605,-232.814,-35.307,260.236,-696.605,-232.814,-696.605,-232.814,-696.605,-232.814,-696.605,-232.814,-696.605,-232.814,-696.605,-232.814,-696.605,-232.814,-696.605,-232.814,-62.597,-39.076,-11.796,-41.059,-172.269,7.846,-696.605,-232.814,
0.0,0.0,-158.588,289.529,-232.914,342.363,-696.619,-232.86,-696.619,-232.86,-78.364,242.588,-696.619,-232.86,-696.619,-232.86,-696.619,-232.86,-696.619,-232.86,-696.619,-232.86,-696.619,-232.86,-696.619,-232.86,-696.619,-232.86,-60.776,-37.278,-11.787,-39.25,-176.192,9.763,-696.619,-232.86,
0.0,0.0,-160.388,293.456,-236.714,342.369,-698.449,-234.805,-698.449,-234.805,-35.217,258.213,-698.449,-234.805,-698.449,-234.805,-698.449,-234.805,-698.449,-234.805,-698.449,-234.805,-698.449,-234.805,-698.449,-234.805,-698.449,-234.805,-62.541,-39.142,-11.72,-41.123,-176.048,9.75,-698.449,-234.805,
0.0,0.0,-164.345,285.737,-211.316,330.711,-698.479,-238.619,-698.479,-238.619,-86.088,244.636,-698.479,-238.619,-698.479,-238.619,-698.479,-238.619,-698.479,-238.619,-698.479,-238.619,-698.479,-238.619,-698.479,-238.619,-698.479,-238.619,-64.539,-42.97,-11.745,-44.886,-174.136,5.935,-698.479,-238.619,
0.0,0.0,-162.418,283.664,-217.191,330.625,-696.547,-238.721,-696.547,-238.721,-121.312,264.089,-696.547,-238.721,-696.547,-238.721,-696.547,-238.721,-696.547,-238.721,-696.547,-238.721,-696.547,-238.721,-696.547,-238.721,-696.547,-238.721,-62.596,-42.988,-9.793,-43.055,-187.882,62.526,-696.547,-238.721,
0.0,0.0,-162.359,293.407,-240.636,350.156,-696.499,-240.721,-696.499,-240.721,-39.117,250.373,-696.499,-240.721,-696.499,-240.721,-696.499,-240.721,-696.499,-240.721,-696.499,-240.721,-696.499,-240.721,-696.499,-240.721,-696.499,-240.721,-62.571,-45.003,-9.737,-43.133,-172.138,-0.075,-696.499,-240.721,
0.0,0.0,-164.302,281.766,-232.772,338.493,-696.47,-242.592,-696.47,-242.592,-89.949,236.77,-696.47,-242.592,-696.47,-242.592,-696.47,-242.592,-696.47,-242.592,-696.47,-242.592,-696.47,-242.592,-696.47,-242.592,-696.47,-242.592,-62.543,-45.007,-9.734,-44.914,-172.126,-1.926,-696.47,-242.592,
0.0,0.0,-166.281,279.821,-205.405,318.938,-696.486,-244.544,-696.486,-244.544,-91.918,242.635,-696.486,-244.544,-696.486,-244.544,-696.486,-244.544,-696.486,-244.544,-696.486,-244.544,-696.486,-244.544,-696.486,-244.544,-696.486,-244.544,-62.529,-46.894,-9.757,-41.071,-183.846,11.758,-696.486,-244.544,
0.0,0.0,-160.43,281.703,-228.883,328.67,-696.496,-244.598,-696.496,-244.598,-41.083,246.504,-696.496,-244.598,-696.496,-244.598,-696.496,-244.598,-696.496,-244.598,-696.496,-244.598,-696.496,-244.598,-696.496,-244.598,-696.496,-244.598,-62.516,-46.949,-9.742,-39.166,-185.822,13.656,-696.496,-244.598,
0.0,0.0,-164.32,275.888,-234.759,322.846,-696.504,-246.501,-696.504,-246.501,-43.03,244.597,-696.504,-246.501,-696.504,-246.501,-696.504,-246.501,-696.504,-246.501,-696.504,-246.501,-696.504,-246.501,-696.504,-246.501,-696.504,-246.501,-60.63,-46.936,-9.74,-39.138,-185.825,7.833,-696.504,-246.501,
0.0,0.0,-164.318,277.815,-238.691,322.824,-696.505,-246.518,-696.505,-246.518,-43.027,244.565,-696.505,-246.518,-696.505,-246.518,-696.505,-246.518,-696.505,-246.518,-696.505,-246.518,-696.505,-246.518,-696.505,-246.518,-696.505,-246.518,-60.567,-46.955,-9.728,-39.139,-189.738,19.573,-696.505,-246.518,
0.0,0.0,-160.457,273.862,-234.792,314.956,-696.527,-246.565,-696.527,-246.565,-45.005,244.504,-696.527,-246.565,-696.527,-246.565,-696.527,-246.565,-696.527,-246.565,-696.527,-246.565,-696.527,-246.565,-696.527,-246.565,-696.527,-246.565,-60.588,-47.018,-7.859,-39.176,-180.014,-0.039,-696.527,-246.565,
0.0,0.0,-160.451,273.877,-236.744,314.974,-696.533,-246.556,-696.533,-246.556,-43.069,244.514,-696.533,-246.556,-696.533,-246.556,-696.533,-246.556,-696.533,-246.556,-696.533,-246.556,-696.533,-246.556,-696.533,-246.556,-696.533,-246.556,-58.697,-47.018,-7.836,-39.211,-191.759,37.122,-696.533,-246.556,
0.0,0.0,-160.5,269.931,-230.916,316.899,-696.563,-246.575,-696.563,-246.575,-91.991,219.093,-696.563,-246.575,-696.563,-246.575,-696.563,-246.575,-696.563,-246.575,-696.563,-246.575,-696.563,-246.575,-696.563,-246.575,-696.563,-246.575,-56.773,-47.01,-7.878,-39.188,-191.778,41.078,-696.563,-246.575,
0.0,0.0,-160.523,270.011,-232.894,315.009,-696.592,-248.47,-696.592,-248.47,-45.074,238.71,-696.592,-248.47,-696.592,-248.47,-696.592,-248.47,-696.592,-248.47,-696.592,-248.47,-696.592,-248.47,-696.592,-248.47,-696.592,-248.47,-56.792,-48.882,-7.882,-41.081,-189.902,39.097,-696.592,-248.47,
0.0,0.0,-160.545,269.972,-227.046,314.972,-696.608,-248.507,-696.608,-248.507,-90.094,217.163,-696.608,-248.507,-696.608,-248.507,-696.608,-248.507,-696.608,-248.507,-696.608,-248.507,-696.608,-248.507,-696.608,-248.507,-696.608,-248.507,-54.85,-48.898,-5.978,-41.108,-174.241,-0.038,-696.608,-248.507,
0.0,0.0,-162.341,270.015,-228.873,315.022,-698.441,-250.414,-698.441,-250.414,-48.859,236.75,-698.441,-250.414,-698.441,-250.414,-698.441,-250.414,-698.441,-250.414,-698.441,-250.414,-698.441,-250.414,-698.441,-250.414,-698.441,-250.414,-54.729,-48.894,-7.756,-43.031,-174.117,-3.908,-698.441,-250.414,
0.0,0.0,-164.333,268.039,-226.942,316.939,-698.458,-250.446,-698.458,-250.446,-93.866,213.245,-698.458,-250.446,-698.458,-250.446,-698.458,-250.446,-698.458,-250.446,-698.458,-250.446,-698.458,-250.446,-698.458,-250.446,-698.458,-250.446,-52.849,-48.89,-7.772,-41.184,-178.018,3.875,-698.458,-250.446,
0.0,0.0,-164.315,269.969,-228.88,316.92,-698.444,-250.474,-698.444,-250.474,-76.277,226.926,-698.444,-250.474,-698.444,-250.474,-698.444,-250.474,-698.444,-250.474,-698.444,-250.474,-698.444,-250.474,-698.444,-250.474,-698.444,-250.474,-52.818,-48.951,-5.915,-41.168,-181.927,-0.025,-698.444,-250.474,
0.0,0.0,-160.458,262.193,-230.879,313.056,-698.488,-252.371,-698.488,-252.371,-54.791,230.887,-698.488,-252.371,-698.488,-252.371,-698.488,-252.371,-698.488,-252.371,-698.488,-252.371,-698.488,-252.371,-698.488,-252.371,-698.488,-252.371,-52.831,-50.87,-5.923,-43.06,-180.04,0.006,-698.488,-252.371,
0.0,0.0,-162.415,260.217,-262.177,311.099,-698.5,-252.377,-698.5,-252.377,-78.293,221.096,-698.5,-252.377,-698.5,-252.377,-698.5,-252.377,-698.5,-252.377,-698.5,-252.377,-698.5,-252.377,-698.5,-252.377,-698.5,-252.377,-52.829,-52.784,-5.906,-43.078,-181.967,0.025,-698.5,-252.377,
0.0,0.0,-162.427,256.306,-266.089,305.222,-698.509,-252.378,-698.509,-252.378,-68.501,224.978,-698.509,-252.378,-698.509,-252.378,-698.509,-252.378,-698.509,-252.378,-698.509,-252.378,-698.509,-252.378,-698.509,-252.378,-698.509,-252.378,-52.837,-52.834,-5.887,-43.078,-178.077,-5.846,-698.509,-252.378,
0.0,0.0,-162.433,256.319,-266.109,303.276,-698.519,-252.368,-698.519,-252.368,-64.607,226.994,-698.519,-252.368,-698.519,-252.368,-698.519,-252.368,-698.519,-252.368,-698.519,-252.368,-698.519,-252.368,-698.519,-252.368,-698.519,-252.368,-52.854,-54.699,-5.876,-43.064,-191.746,23.498,-698.519,-252.368,
0.0,0.0,-162.438,256.338,-268.063,301.345,-698.518,-252.362,-698.518,-252.362,-60.693,227.004,-698.518,-252.362,-698.518,-252.362,-698.518,-252.362,-698.518,-252.362,-698.518,-252.362,-698.518,-252.362,-698.518,-252.362,-698.518,-252.362,-52.831,-54.695,-4.062,-43.045,-176.121,-11.718,-698.518,-252.362,
0.0,0.0,-160.486,270.008,-266.12,316.962,-698.51,-252.386,-698.51,-252.386,-58.739,234.779,-698.51,-252.386,-698.51,-252.386,-698.51,-252.386,-698.51,-252.386,-698.51,-252.386,-698.51,-252.386,-698.51,-252.386,-698.51,-252.386,-50.991,-54.716,-4.059,-43.065,-176.14,-5.853,-698.51,-252.386,
0.0,0.0,-160.454,268.019,-270.021,307.166,-698.504,-252.393,-698.504,-252.393,-54.838,236.742,-698.504,-252.393,-698.504,-252.393,-698.504,-252.393,-698.504,-252.393,-698.504,-252.393,-698.504,-252.393,-698.504,-252.393,-698.504,-252.393,-50.945,-48.905,-5.874,-43.083,-174.162,-11.74,-698.504,-252.393,
0.0,0.0,-166.306,268.03,-283.681,301.316,-698.477,-254.336,-698.477,-254.336,-58.707,234.816,-698.477,-254.336,-698.477,-254.336,-698.477,-254.336,-698.477,-254.336,-698.477,-254.336,-698.477,-254.336,-698.477,-254.336,-698.477,-254.336,-50.839,-45.036,-5.921,-44.938,-174.162,-11.72,-698.477,-254.336,
0.0,0.0,-160.471,254.415,-260.248,289.629,-696.56,-256.241,-696.56,-256.241,-56.78,234.829,-696.56,-256.241,-696.56,-256.241,-696.56,-256.241,-696.56,-256.241,-696.56,-256.241,-696.56,-256.241,-696.56,-256.241,-696.56,-256.241,-48.979,-46.954,-5.897,-44.991,-172.234,-15.624,-696.56,-256.241,
0.0,0.0,-166.306,250.388,-260.222,289.514,-696.534,-256.369,-696.534,-256.369,-64.548,230.802,-696.534,-256.369,-696.534,-256.369,-696.534,-256.369,-696.534,-256.369,-696.534,-256.369,-696.534,-256.369,-696.534,-256.369,-696.534,-256.369,-48.993,-45.127,-5.9,-44.983,-172.157,-15.757,-696.534,-256.369,
0.0,0.0,-166.253,248.493,-260.16,291.551,-696.468,-260.188,-696.468,-260.188,-68.421,223.074,-696.468,-260.188,-696.468,-260.188,-696.468,-260.188,-696.468,-260.188,-696.468,-260.188,-696.468,-260.188,-696.468,-260.188,-696.468,-260.188,-52.8,-48.896,-5.847,-45.0,-172.114,-19.571,-696.468,-260.188,
0.0,0.0,-168.261,232.863,-260.239,275.881,-694.584,-264.104,-694.584,-264.104,-78.272,215.232,-694.584,-264.104,-694.584,-264.104,-694.584,-264.104,-694.584,-264.104,-694.584,-264.104,-694.584,-264.104,-694.584,-264.104,-694.584,-264.104,-50.878,-52.725,-5.891,-42.986,-168.296,-23.45,-694.584,-264.104,
0.0,0.0,-174.119,228.939,-238.681,277.861,-694.547,-268.013,-694.547,-268.013,-111.526,191.774,-694.547,-268.013,-694.547,-268.013,-694.547,-268.013,-694.547,-268.013,-694.547,-268.013,-694.547,-268.013,-694.547,-268.013,-694.547,-268.013,-52.811,-56.633,-9.732,-43.094,-174.135,-27.337,-694.547,-268.013,
0.0,0.0,-174.042,232.815,-224.925,281.738,-694.488,-268.044,-694.488,-268.044,-107.547,195.664,-694.488,-268.044,-694.488,-268.044,-694.488,-268.044,-694.488,-268.044,-694.488,-268.044,-694.488,-268.044,-694.488,-268.044,-694.488,-268.044,-56.647,-56.647,-11.675,-43.059,-174.072,-25.452,-694.488,-268.044,
0.0,0.0,-168.254,236.75,-256.286,287.639,-692.597,-268.014,-692.597,-268.014,-74.333,211.326,-692.597,-268.014,-692.597,-268.014,-692.597,-268.014,-692.597,-268.014,-692.597,-268.014,-692.597,-268.014,-692.597,-268.014,-692.597,-268.014,-56.716,-56.609,-11.676,-43.058,-174.132,-25.368,-692.597,-268.014,
0.0,0.0,-172.134,238.672,-201.47,271.937,-692.561,-266.112,-692.561,-266.112,-105.605,199.545,-692.561,-266.112,-692.561,-266.112,-692.561,-266.112,-692.561,-266.112,-692.561,-266.112,-692.561,-266.112,-692.561,-266.112,-692.561,-266.112,-58.554,-54.697,-11.684,-43.052,-172.111,-23.468,-692.561,-266.112,
0.0,0.0,-170.172,230.879,-217.099,285.676,-692.54,-266.07,-692.54,-266.07,-111.449,183.925,-692.54,-266.07,-692.54,-266.07,-692.54,-266.07,-692.54,-266.07,-692.54,-266.07,-692.54,-266.07,-692.54,-266.07,-692.54,-266.07,-58.552,-54.661,-11.657,-41.163,-172.085,-23.443,-692.54,-266.07,
0.0,0.0,-172.157,240.685,-189.772,266.132,-692.584,-266.047,-692.584,-266.047,-88.025,209.394,-692.584,-266.047,-692.584,-266.047,-692.584,-266.047,-692.584,-266.047,-692.584,-266.047,-692.584,-266.047,-692.584,-266.047,-692.584,-266.047,-58.574,-54.642,-11.691,-43.012,-168.26,-25.409,-692.584,-266.047,
0.0,0.0,-177.946,246.519,-191.651,264.118,-694.472,-264.14,-694.472,-264.14,-93.824,205.427,-694.472,-264.14,-694.472,-264.14,-694.472,-264.14,-694.472,-264.14,-694.472,-264.14,-694.472,-264.14,-694.472,-264.14,-694.472,-264.14,-60.454,-52.745,-13.541,-43.05,-172.104,-21.512,-694.472,-264.14,
0.0,0.0,-170.173,242.556,-205.396,279.747,-694.523,-262.21,-694.523,-262.21,-76.26,223.001,-694.523,-262.21,-694.523,-262.21,-694.523,-262.21,-694.523,-262.21,-694.523,-262.21,-694.523,-262.21,-694.523,-262.21,-694.523,-262.21,-58.658,-50.814,-11.73,-45.06,-181.924,-13.723,-694.523,-262.21,
0.0,0.0,-168.289,238.734,-205.461,279.806,-694.593,-262.148,-694.593,-262.148,-88.06,213.267,-694.593,-262.148,-694.593,-262.148,-694.593,-262.148,-694.593,-262.148,-694.593,-262.148,-694.593,-262.148,-694.593,-262.148,-694.593,-262.148,-58.663,-50.768,-11.765,-44.995,-176.113,-15.625,-694.593,-262.148,
0.0,0.0,-168.287,242.573,-219.147,295.403,-694.595,-260.248,-694.595,-260.248,-107.644,185.852,-694.595,-260.248,-694.595,-260.248,-694.595,-260.248,-694.595,-260.248,-694.595,-260.248,-694.595,-260.248,-694.595,-260.248,-694.595,-260.248,-56.749,-48.91,-9.776,-41.151,-174.164,-13.724,-694.595,-260.248,
0.0,0.0,-166.353,250.387,-207.432,295.374,-694.605,-258.309,-694.605,-258.309,-136.957,217.129,-694.605,-258.309,-694.605,-258.309,-694.605,-258.309,-694.605,-258.309,-694.605,-258.309,-694.605,-258.309,-694.605,-258.309,-694.605,-258.309,-54.825,-47.014,-5.945,-44.977,-172.234,-11.786,-694.605,-258.309,
0.0,0.0,-166.232,254.422,-213.198,295.508,-696.459,-258.194,-696.459,-258.194,-58.649,232.893,-696.459,-258.194,-696.459,-258.194,-696.459,-258.194,-696.459,-258.194,-696.459,-258.194,-696.459,-258.194,-696.459,-258.194,-696.459,-258.194,-56.666,-46.972,-7.762,-46.814,-174.052,-13.613,-696.459,-258.194,
0.0,0.0,-164.3,252.384,-221.035,297.374,-696.482,-256.328,-696.482,-256.328,-76.279,219.131,-696.482,-256.328,-696.482,-256.328,-696.482,-256.328,-696.482,-256.328,-696.482,-256.328,-696.482,-256.328,-696.482,-256.328,-696.482,-256.328,-58.608,-46.968,-5.82,-45.086,-176.064,-11.766,-696.482,-256.328,
0.0,0.0,-166.322,254.447,-209.362,299.458,-696.533,-256.203,-696.533,-256.203,-109.568,182.079,-696.533,-256.203,-696.533,-256.203,-696.533,-256.203,-696.533,-256.203,-696.533,-256.203,-696.533,-256.203,-696.533,-256.203,-696.533,-256.203,-58.675,-46.891,-3.984,-46.884,-174.129,-11.632,-696.533,-256.203,
0.0,0.0,-168.334,254.384,-207.456,295.471,-696.591,-254.319,-696.591,-254.319,-101.814,201.555,-696.591,-254.319,-696.591,-254.319,-696.591,-254.319,-696.591,-254.319,-696.591,-254.319,-696.591,-254.319,-696.591,-254.319,-696.591,-254.319,-56.823,-46.927,-4.007,-46.899,-170.293,-13.651,-696.591,-254.319,
0.0,0.0,-170.183,256.264,-195.609,295.4,-698.441,-250.474,-698.441,-250.474,-138.862,221.044,-698.441,-250.474,-698.441,-250.474,-698.441,-250.474,-698.441,-250.474,-698.441,-250.474,-698.441,-250.474,-698.441,-250.474,-698.441,-250.474,-58.622,-43.146,-5.87,-43.08,-170.207,-5.892,-698.441,-250.474,
0.0,0.0,-174.165,271.888,-193.708,307.125,-698.493,-246.575,-698.493,-246.575,-129.136,248.423,-698.493,-246.575,-698.493,-246.575,-698.493,-246.575,-698.493,-246.575,-698.493,-246.575,-698.493,-246.575,-698.493,-246.575,-698.493,-246.575,-56.75,-43.111,-5.921,-41.16,-170.235,-2.007,-698.493,-246.575,
0.0,0.0,-170.271,267.999,-211.36,314.97,-698.536,-246.56,-698.536,-246.56,-97.883,228.871,-698.536,-246.56,-698.536,-246.56,-698.536,-246.56,-698.536,-246.56,-698.536,-246.56,-698.536,-246.56,-698.536,-246.56,-698.536,-246.56,-56.798,-46.976,-5.909,-41.162,-160.546,-3.973,-698.536,-246.56,
0.0,0.0,-164.37,260.174,-215.247,311.045,-700.45,-244.598,-700.45,-244.598,-97.845,217.147,-700.45,-244.598,-700.45,-244.598,-700.45,-244.598,-700.45,-244.598,-700.45,-244.598,-700.45,-244.598,-700.45,-244.598,-700.45,-244.598,-60.651,-46.923,-7.859,-41.152,-170.24,1.91,-700.45,-244.598,
0.0,0.0,-164.324,250.365,-215.197,303.2,-700.405,-242.674,-700.405,-242.674,-97.793,205.377,-700.405,-242.674,-700.405,-242.674,-700.405,-242.674,-700.405,-242.674,-700.405,-242.674,-700.405,-242.674,-700.405,-242.674,-700.405,-242.674,-60.655,-45.067,-7.802,-41.144,-164.341,1.888,-700.405,-242.674,
0.0,0.0,-160.468,254.412,-217.206,309.191,-698.512,-242.55,-698.512,-242.55,-95.891,209.405,-698.512,-242.55,-698.512,-242.55,-698.512,-242.55,-698.512,-242.55,-698.512,-242.55,-698.512,-242.55,-698.512,-242.55,-698.512,-242.55,-58.762,-46.79,-5.938,-44.922,-166.347,0.04,-698.512,-242.55,
0.0,0.0,-158.505,256.28,-219.151,311.077,-698.506,-240.668,-698.506,-240.668,-95.883,209.34,-698.506,-240.668,-698.506,-240.668,-698.506,-240.668,-698.506,-240.668,-698.506,-240.668,-698.506,-240.668,-698.506,-240.668,-698.506,-240.668,-60.683,-44.907,-7.837,-44.943,-170.258,9.753,-698.506,-240.668,
0.0,0.0,-160.412,252.455,-213.243,315.068,-698.472,-240.598,-698.472,-240.598,-97.82,195.722,-698.472,-240.598,-698.472,-240.598,-698.472,-240.598,-698.472,-240.598,-698.472,-240.598,-698.472,-240.598,-698.472,-240.598,-698.472,-240.598,-62.583,-44.84,-9.759,-44.965,-170.185,3.962,-698.472,-240.598,
0.0,0.0,-160.439,256.405,-215.242,320.957,-698.503,-240.556,-698.503,-240.556,-99.81,201.626,-698.503,-240.556,-698.503,-240.556,-698.503,-240.556,-698.503,-240.556,-698.503,-240.556,-698.503,-240.556,-698.503,-240.556,-698.503,-240.556,-62.616,-44.792,-9.783,-44.962,-166.317,4.031,-698.503,-240.556,
0.0,0.0,-158.498,260.324,-221.111,326.824,-698.512,-240.549,-698.512,-240.549,-97.848,203.577,-698.512,-240.549,-698.512,-240.549,-698.512,-240.549,-698.512,-240.549,-698.512,-240.549,-698.512,-240.549,-698.512,-240.549,-698.512,-240.549,-62.594,-42.977,-9.822,-44.931,-160.504,-1.859,-698.512,-240.549,
0.0,0.0,-158.498,258.221,-217.205,322.8,-698.511,-238.724,-698.511,-238.724,-97.871,201.497,-698.511,-238.724,-698.511,-238.724,-698.511,-238.724,-698.511,-238.724,-698.511,-238.724,-698.511,-238.724,-698.511,-238.724,-698.511,-238.724,-60.709,-41.145,-7.86,-43.127,-166.324,3.893,-698.511,-238.724,
0.0,0.0,-158.547,262.177,-227.01,316.954,-698.543,-238.688,-698.543,-238.688,-95.913,219.133,-698.543,-238.688,-698.543,-238.688,-698.543,-238.688,-698.543,-238.688,-698.543,-238.688,-698.543,-238.688,-698.543,-238.688,-698.543,-238.688,-60.737,-41.095,-7.858,-44.958,-168.304,9.783,-698.543,-238.688,
0.0,0.0,-160.423,260.226,-226.917,318.926,-702.372,-238.693,-702.372,-238.693,-97.811,223.042,-702.372,-238.693,-702.372,-238.693,-702.372,-238.693,-702.372,-238.693,-702.372,-238.693,-702.372,-238.693,-702.372,-238.693,-702.372,-238.693,-62.592,-42.935,-9.775,-44.941,-168.232,5.878,-702.372,-238.693,
0.0,0.0,-162.416,260.219,-221.109,324.787,-704.37,-238.691,-704.37,-238.691,-97.852,224.997,-704.37,-238.691,-704.37,-238.691,-704.37,-238.691,-704.37,-238.691,-704.37,-238.691,-704.37,-238.691,-704.37,-238.691,-704.37,-238.691,-60.704,-42.923,-9.917,-44.944,-166.336,1.982,-704.37,-238.691,
0.0,0.0,-166.256,264.177,-228.86,326.791,-706.266,-238.648,-706.266,-238.648,-99.75,223.091,-706.266,-238.648,-706.266,-238.648,-706.266,-238.648,-706.266,-238.648,-706.266,-238.648,-706.266,-238.648,-706.266,-238.648,-706.266,-238.648,-62.575,-42.897,-11.766,-44.963,-179.937,7.872,-706.266,-238.648,
0.0,0.0,-166.255,260.228,-230.789,318.928,-708.203,-238.676,-708.203,-238.676,-101.681,221.101,-708.203,-238.676,-708.203,-238.676,-708.203,-238.676,-708.203,-238.676,-708.203,-238.676,-708.203,-238.676,-708.203,-238.676,-708.203,-238.676,-62.618,-42.941,-13.621,-44.923,-172.123,5.894,-708.203,-238.676,
0.0,0.0,-164.353,256.34,-230.865,315.028,-708.259,-238.669,-708.259,-238.669,-97.84,221.096,-708.259,-238.669,-708.259,-238.669,-708.259,-238.669,-708.259,-238.669,-708.259,-238.669,-708.259,-238.669,-708.259,-238.669,-708.259,-238.669,-62.621,-42.928,-13.635,-45.011,-170.237,5.89,-708.259,-238.669,
0.0,0.0,-170.125,270.057,-234.703,324.836,-710.148,-238.638,-710.148,-238.638,-105.593,228.981,-710.148,-238.638,-710.148,-238.638,-710.148,-238.638,-710.148,-238.638,-710.148,-238.638,-710.148,-238.638,-710.148,-238.638,-710.148,-238.638,-64.527,-42.882,-13.699,-44.942,-176.015,11.808,-710.148,-238.638,
0.0,0.0,-168.217,258.272,-238.631,314.998,-710.159,-236.731,-710.159,-236.731,-99.73,223.028,-710.159,-236.731,-710.159,-236.731,-710.159,-236.731,-710.159,-236.731,-710.159,-236.731,-710.159,-236.731,-710.159,-236.731,-710.159,-236.731,-66.456,-41.007,-13.685,-43.024,-177.977,17.61,-710.159,-236.731,
0.0,0.0,-168.221,266.108,-230.822,324.793,-710.182,-236.721,-710.182,-236.721,-107.557,228.919,-710.182,-236.721,-710.182,-236.721,-710.182,-236.721,-710.182,-236.721,-710.182,-236.721,-710.182,-236.721,-710.182,-236.721,-710.182,-236.721,-66.502,-41.014,-13.693,-43.044,-181.935,19.57,-710.182,-236.721,
0.0,0.0,-168.276,260.23,-236.739,322.822,-710.227,-236.739,-710.227,-236.739,-101.753,221.099,-710.227,-236.739,-710.227,-236.739,-710.227,-236.739,-710.227,-236.739,-710.227,-236.739,-710.227,-236.739,-710.227,-236.739,-710.227,-236.739,-64.585,-41.064,-13.682,-43.094,-176.1,17.594,-710.227,-236.739,
0.0,0.0,-166.334,260.233,-232.873,316.944,-710.26,-236.733,-710.26,-236.733,-97.875,221.087,-710.26,-236.733,-710.26,-236.733,-710.26,-236.733,-710.26,-236.733,-710.26,-236.733,-710.26,-236.733,-710.26,-236.733,-710.26,-236.733,-64.593,-41.032,-13.697,-43.114,-170.276,7.843,-710.26,-236.733,
0.0,0.0,-164.352,260.241,-230.885,318.918,-710.233,-236.718,-710.233,-236.718,-93.931,217.202,-710.233,-236.718,-710.233,-236.718,-710.233,-236.718,-710.233,-236.718,-710.233,-236.718,-710.233,-236.718,-710.233,-236.718,-710.233,-236.718,-62.694,-41.044,-13.633,-43.104,-168.293,7.829,-710.233,-236.718,
0.0,0.0,-160.429,266.103,-228.916,324.8,-710.223,-236.716,-710.223,-236.716,-91.932,221.122,-710.223,-236.716,-710.223,-236.716,-710.223,-236.716,-710.223,-236.716,-710.223,-236.716,-710.223,-236.716,-710.223,-236.716,-710.223,-236.716,-62.66,-41.04,-13.627,-43.077,-168.262,3.948,-710.223,-236.716,
0.0,0.0,-162.415,262.214,-223.07,322.864,-710.229,-236.692,-710.229,-236.692,-95.889,221.13,-710.229,-236.692,-710.229,-236.692,-710.229,-236.692,-710.229,-236.692,-710.229,-236.692,-710.229,-236.692,-710.229,-236.692,-710.229,-236.692,-62.674,-41.024,-13.648,-43.058,-170.184,5.897,-710.229,-236.692,
0.0,0.0,-164.344,266.064,-225.011,324.765,-710.225,-234.801,-710.225,-234.801,-93.941,224.964,-710.225,-234.801,-710.225,-234.801,-710.225,-234.801,-710.225,-234.801,-710.225,-234.801,-710.225,-234.801,-710.225,-234.801,-710.225,-234.801,-62.664,-39.142,-13.653,-41.176,-170.184,5.84,-710.225,-234.801,
0.0,0.0,-164.319,270.006,-224.977,334.57,-710.197,-234.773,-710.197,-234.773,-95.845,225.021,-710.197,-234.773,-710.197,-234.773,-710.197,-234.773,-710.197,-234.773,-710.197,-234.773,-710.197,-234.773,-710.197,-234.773,-710.197,-234.773,-62.643,-39.111,-13.676,-41.156,-168.241,5.882,-710.197,-234.773,
0.0,0.0,-160.398,264.158,-224.948,328.738,-710.167,-234.746,-710.167,-234.746,-95.81,219.154,-710.167,-234.746,-710.167,-234.746,-710.167,-234.746,-710.167,-234.746,-710.167,-234.746,-710.167,-234.746,-710.167,-234.746,-710.167,-234.746,-64.486,-39.096,-13.661,-41.116,-172.116,11.763,-710.167,-234.746,
0.0,0.0,-160.385,270.046,-234.736,328.731,-710.159,-234.746,-710.159,-234.746,-91.891,223.085,-710.159,-234.746,-710.159,-234.746,-710.159,-234.746,-710.159,-234.746,-710.159,-234.746,-710.159,-234.746,-710.159,-234.746,-710.159,-234.746,-64.495,-39.109,-13.685,-41.12,-172.098,9.828,-710.159,-234.746,
0.0,0.0,-162.337,268.074,-236.673,326.762,-710.147,-234.758,-710.147,-234.758,-93.834,219.166,-710.147,-234.758,-710.147,-234.758,-710.147,-234.758,-710.147,-234.758,-710.147,-234.758,-710.147,-234.758,-710.147,-234.758,-710.147,-234.758,-64.543,-39.122,-13.673,-41.139,-177.981,7.854,-710.147,-234.758,
0.0,0.0,-158.497,266.092,-230.889,326.728,-708.265,-234.785,-708.265,-234.785,-93.927,217.17,-708.265,-234.785,-708.265,-234.785,-708.265,-234.785,-708.265,-234.785,-708.265,-234.785,-708.265,-234.785,-708.265,-234.785,-708.265,-234.785,-62.653,-39.132,-13.61,-41.149,-176.113,13.7,-708.265,-234.785,
0.0,0.0,-158.452,268.105,-230.842,326.794,-708.226,-236.686,-708.226,-236.686,-89.972,223.088,-708.226,-236.686,-708.226,-236.686,-708.226,-236.686,-708.226,-236.686,-708.226,-236.686,-708.226,-236.686,-708.226,-236.686,-708.226,-236.686,-62.607,-41.014,-13.603,-43.036,-183.874,13.737,-708.226,-236.686,
0.0,0.0,-158.469,266.079,-228.887,324.762,-706.292,-236.752,-706.292,-236.752,-89.998,221.06,-706.292,-236.752,-706.292,-236.752,-706.292,-236.752,-706.292,-236.752,-706.292,-236.752,-706.292,-236.752,-706.292,-236.752,-706.292,-236.752,-62.633,-41.052,-11.718,-43.054,-179.987,7.806,-706.292,-236.752,
0.0,0.0,-158.492,270.03,-226.965,324.812,-706.324,-238.659,-706.324,-238.659,-90.02,226.99,-706.324,-238.659,-706.324,-238.659,-706.324,-238.659,-706.324,-238.659,-706.324,-238.659,-706.324,-238.659,-706.324,-238.659,-706.324,-238.659,-62.618,-42.905,-11.743,-44.889,-180.002,3.966,-706.324,-238.659,
0.0,0.0,-160.394,264.101,-230.815,320.852,-706.263,-238.717,-706.263,-238.717,-89.976,221.067,-706.263,-238.717,-706.263,-238.717,-706.263,-238.717,-706.263,-238.717,-706.263,-238.717,-706.263,-238.717,-706.263,-238.717,-706.263,-238.717,-64.495,-41.14,-11.709,-43.107,-181.889,5.869,-706.263,-238.717,
0.0,0.0,-156.514,266.184,-228.883,320.963,-704.327,-240.555,-704.327,-240.555,-88.008,223.137,-704.327,-240.555,-704.327,-240.555,-704.327,-240.555,-704.327,-240.555,-704.327,-240.555,-704.327,-240.555,-704.327,-240.555,-704.327,-240.555,-62.575,-42.931,-9.811,-44.896,-178.015,4.012,-704.327,-240.555,
0.0,0.0,-156.512,262.255,-230.836,313.126,-704.327,-240.579,-704.327,-240.579,-86.077,221.174,-704.327,-240.579,-704.327,-240.579,-704.327,-240.579,-704.327,-240.579,-704.327,-240.579,-704.327,-240.579,-704.327,-240.579,-704.327,-240.579,-62.599,-42.935,-9.808,-44.924,-178.021,3.967,-704.327,-240.579,
0.0,0.0,-154.557,260.256,-232.812,315.029,-704.329,-240.612,-704.329,-240.612,-86.058,221.143,-704.329,-240.612,-704.329,-240.612,-704.329,-240.612,-704.329,-240.612,-704.329,-240.612,-704.329,-240.612,-704.329,-240.612,-704.329,-240.612,-62.607,-42.964,-9.801,-44.956,-176.077,1.971,-704.329,-240.612,
0.0,0.0,-158.469,266.154,-234.779,318.949,-704.342,-240.605,-704.342,-240.605,-86.066,219.193,-704.342,-240.605,-704.342,-240.605,-704.342,-240.605,-704.342,-240.605,-704.342,-240.605,-704.342,-240.605,-704.342,-240.605,-704.342,-240.605,-62.596,-42.933,-9.816,-44.957,-179.985,3.977,-704.342,-240.605,
0.0,0.0,-158.488,266.138,-232.838,322.861,-704.367,-240.61,-704.367,-240.61,-84.141,219.163,-704.367,-240.61,-704.367,-240.61,-704.367,-240.61,-704.367,-240.61,-704.367,-240.61,-704.367,-240.61,-704.367,-240.61,-704.367,-240.61,-62.599,-42.939,-9.847,-44.912,-180.033,5.894,-704.367,-240.61,
0.0,0.0,-160.439,262.222,-248.493,311.13,-704.359,-240.597,-704.359,-240.597,-88.046,207.46,-704.359,-240.597,-704.359,-240.597,-704.359,-240.597,-704.359,-240.597,-704.359,-240.597,-704.359,-240.597,-704.359,-240.597,-704.359,-240.597,-62.622,-42.974,-9.784,-44.911,-178.049,1.99,-704.359,-240.597,
0.0,0.0,-162.381,250.483,-246.493,311.12,-706.284,-240.604,-706.284,-240.604,-95.85,199.602,-706.284,-240.604,-706.284,-240.604,-706.284,-240.604,-706.284,-240.604,-706.284,-240.604,-706.284,-240.604,-706.284,-240.604,-706.284,-240.604,-62.626,-43.031,-11.65,-44.947,-174.087,0.049,-706.284,-240.604,
0.0,0.0,-162.397,254.401,-234.79,315.056,-706.3,-240.601,-706.3,-240.601,-91.954,203.545,-706.3,-240.601,-706.3,-240.601,-706.3,-240.601,-706.3,-240.601,-706.3,-240.601,-706.3,-240.601,-706.3,-240.601,-706.3,-240.601,-60.698,-44.862,-11.645,-44.945,-172.192,0.061,-706.3,-240.601,
0.0,0.0,-164.297,252.421,-234.714,313.084,-708.198,-240.624,-708.198,-240.624,-95.8,203.515,-708.198,-240.624,-708.198,-240.624,-708.198,-240.624,-708.198,-240.624,-708.198,-240.624,-708.198,-240.624,-708.198,-240.624,-708.198,-240.624,-62.551,-44.897,-11.713,-44.926,-174.085,0.037,-708.198,-240.624,
0.0,0.0,-164.313,250.474,-234.723,309.156,-708.211,-240.622,-708.211,-240.622,-99.719,199.6,-708.211,-240.622,-708.211,-240.622,-708.211,-240.622,-708.211,-240.622,-708.211,-240.622,-708.211,-240.622,-708.211,-240.622,-708.211,-240.622,-62.527,-44.9,-11.707,-44.934,-176.04,2.025,-708.211,-240.622,
0.0,0.0,-164.356,258.301,-232.831,311.127,-708.263,-240.612,-708.263,-240.612,-93.925,205.491,-708.263,-240.612,-708.263,-240.612,-708.263,-240.612,-708.263,-240.612,-708.263,-240.612,-708.263,-240.612,-708.263,-240.612,-708.263,-240.612,-60.719,-44.902,-11.73,-44.961,-172.172,0.041,-708.263,-240.612,
0.0,0.0,-164.306,258.307,-232.769,303.324,-708.208,-240.602,-708.208,-240.602,-97.773,207.456,-708.208,-240.602,-708.208,-240.602,-708.208,-240.602,-708.208,-240.602,-708.208,-240.602,-708.208,-240.602,-708.208,-240.602,-708.208,-240.602,-60.656,-44.872,-11.618,-44.937,-170.203,0.041,-708.208,-240.602,
0.0,0.0,-164.286,267.983,-234.727,309.095,-708.205,-240.69,-708.205,-240.69,-87.978,228.868,-708.205,-240.69,-708.205,-240.69,-708.205,-240.69,-708.205,-240.69,-708.205,-240.69,-708.205,-240.69,-708.205,-240.69,-708.205,-240.69,-60.602,-44.961,-11.583,-43.075,-172.105,-2.015,-708.205,-240.69,
0.0,0.0,-168.261,262.181,-232.799,311.114,-708.25,-242.586,-708.25,-242.586,-99.769,203.509,-708.25,-242.586,-708.25,-242.586,-708.25,-242.586,-708.25,-242.586,-708.25,-242.586,-708.25,-242.586,-708.25,-242.586,-708.25,-242.586,-60.556,-46.821,-9.804,-43.015,-172.149,-3.87,-708.25,-242.586,
0.0,0.0,-170.175,258.294,-222.976,299.374,-710.153,-244.539,-710.153,-244.539,-107.543,201.543,-710.153,-244.539,-710.153,-244.539,-710.153,-244.539,-710.153,-244.539,-710.153,-244.539,-710.153,-244.539,-710.153,-244.539,-710.153,-244.539,-62.477,-46.955,-13.543,-41.092,-176.015,-7.783,-710.153,-244.539,
0.0,0.0,-172.106,264.042,-240.566,310.995,-710.141,-244.645,-710.141,-244.645,-105.573,203.404,-710.141,-244.645,-710.141,-244.645,-710.141,-244.645,-710.141,-244.645,-710.141,-244.645,-710.141,-244.645,-710.141,-244.645,-710.141,-244.645,-60.631,-47.044,-11.695,-39.237,-181.864,-3.97,-710.141,-244.645,
0.0,0.0,-174.076,260.162,-213.218,291.469,-710.171,-246.573,-710.171,-246.573,-111.494,187.789,-710.171,-246.573,-710.171,-246.573,-710.171,-246.573,-710.171,-246.573,-710.171,-246.573,-710.171,-246.573,-710.171,-246.573,-710.171,-246.573,-60.685,-46.969,-11.697,-39.23,-176.06,-5.94,-710.171,-246.573,
0.0,0.0,-172.128,260.254,-238.639,307.187,-710.161,-250.413,-710.161,-250.413,-111.468,189.815,-710.161,-250.413,-710.161,-250.413,-710.161,-250.413,-710.161,-250.413,-710.161,-250.413,-710.161,-250.413,-710.161,-250.413,-710.161,-250.413,-60.598,-46.9,-11.645,-41.116,-170.19,-9.775,-710.161,-250.413,
0.0,0.0,-170.229,252.344,-230.867,291.507,-708.261,-252.414,-708.261,-252.414,-105.649,193.683,-708.261,-252.414,-708.261,-252.414,-708.261,-252.414,-708.261,-252.414,-708.261,-252.414,-708.261,-252.414,-708.261,-252.414,-708.261,-252.414,-58.676,-45.064,-9.731,-42.992,-158.493,-23.481,-708.261,-252.414,
0.0,0.0,-174.095,246.518,-222.986,285.666,-708.211,-254.352,-708.211,-254.352,-115.377,178.034,-708.211,-254.352,-708.211,-254.352,-708.211,-254.352,-708.211,-254.352,-708.211,-254.352,-708.211,-254.352,-708.211,-254.352,-708.211,-254.352,-58.616,-46.964,-9.686,-43.102,-156.476,-17.616,-708.211,-254.352,
0.0,0.0,-176.059,252.374,-238.676,301.286,-706.283,-254.372,-706.283,-254.372,-113.466,178.021,-706.283,-254.372,-706.283,-254.372,-706.283,-254.372,-706.283,-254.372,-706.283,-254.372,-706.283,-254.372,-706.283,-254.372,-706.283,-254.372,-56.75,-46.954,-7.748,-43.062,-162.374,-15.707,-706.283,-254.372,
0.0,0.0,-174.094,256.384,-248.429,305.315,-706.265,-256.215,-706.265,-256.215,-103.666,191.849,-706.265,-256.215,-706.265,-256.215,-706.265,-256.215,-706.265,-256.215,-706.265,-256.215,-706.265,-256.215,-706.265,-256.215,-706.265,-256.215,-58.59,-46.963,-7.762,-44.891,-158.45,-23.397,-706.265,-256.215,
0.0,0.0,-170.225,248.566,-242.611,299.454,-704.35,-256.208,-704.35,-256.208,-109.559,184.016,-704.35,-256.208,-704.35,-256.208,-704.35,-256.208,-704.35,-256.208,-704.35,-256.208,-704.35,-256.208,-704.35,-256.208,-704.35,-256.208,-56.713,-46.917,-5.894,-44.976,-164.362,-23.393,-704.35,-256.208,
0.0,0.0,-172.169,252.424,-248.456,309.167,-702.378,-256.259,-702.378,-256.259,-111.504,183.97,-702.378,-256.259,-702.378,-256.259,-702.378,-256.259,-702.378,-256.259,-702.378,-256.259,-702.378,-256.259,-702.378,-256.259,-702.378,-256.259,-54.752,-46.945,-5.776,-45.0,-160.422,-25.391,-702.378,-256.259,
0.0,0.0,-170.231,252.383,-240.65,309.134,-700.432,-256.299,-700.432,-256.299,-109.577,183.921,-700.432,-256.299,-700.432,-256.299,-700.432,-256.299,-700.432,-256.299,-700.432,-256.299,-700.432,-256.299,-700.432,-256.299,-700.432,-256.299,-52.822,-46.924,-3.862,-45.039,-162.414,-23.464,-700.432,-256.299,
0.0,0.0,-166.292,250.436,-242.609,303.254,-700.43,-256.305,-700.43,-256.305,-68.467,221.069,-700.43,-256.305,-700.43,-256.305,-700.43,-256.305,-700.43,-256.305,-700.43,-256.305,-700.43,-256.305,-700.43,-256.305,-700.43,-256.305,-52.843,-46.908,-3.923,-45.032,-168.258,-19.575,-700.43,-256.305,
0.0,0.0,-162.406,252.383,-244.583,303.251,-700.446,-256.309,-700.446,-256.309,-66.549,223.037,-700.446,-256.309,-700.446,-256.309,-700.446,-256.309,-700.446,-256.309,-700.446,-256.309,-700.446,-256.309,-700.446,-256.309,-700.446,-256.309,-52.878,-46.911,-3.949,-45.007,-168.275,-17.617,-700.446,-256.309,
0.0,0.0,-164.325,254.318,-246.496,301.302,-700.413,-256.319,-700.413,-256.319,-70.414,223.035,-700.413,-256.319,-700.413,-256.319,-700.413,-256.319,-700.413,-256.319,-700.413,-256.319,-700.413,-256.319,-700.413,-256.319,-700.413,-256.319,-52.835,-46.897,-3.949,-44.983,-166.287,-19.585,-700.413,-256.319,
0.0,0.0,-164.395,254.346,-244.603,299.32,-698.523,-256.327,-698.523,-256.327,-68.52,226.915,-698.523,-256.327,-698.523,-256.327,-698.523,-256.327,-698.523,-256.327,-698.523,-256.327,-698.523,-256.327,-698.523,-256.327,-698.523,-256.327,-50.934,-45.102,-3.878,-44.996,-166.361,-17.654,-698.523,-256.327,
0.0,0.0,-166.335,260.157,-244.584,301.275,-698.502,-256.347,-698.502,-256.347,-66.543,230.807,-698.502,-256.347,-698.502,-256.347,-698.502,-256.347,-698.502,-256.347,-698.502,-256.347,-698.502,-256.347,-698.502,-256.347,-698.502,-256.347,-50.934,-45.108,-3.878,-45.001,-168.298,-15.723,-698.502,-256.347,
0.0,0.0,-172.159,254.265,-244.56,301.229,-698.472,-256.378,-698.472,-256.378,-95.862,215.14,-698.472,-256.378,-698.472,-256.378,-698.472,-256.378,-698.472,-256.378,-698.472,-256.378,-698.472,-256.378,-698.472,-256.378,-698.472,-256.378,-50.916,-45.146,-3.88,-45.024,-170.208,-15.747,-698.472,-256.378,
0.0,0.0,-172.127,260.154,-248.44,305.13,-698.445,-256.38,-698.445,-256.38,-93.891,221.029,-698.445,-256.38,-698.445,-256.38,-698.445,-256.38,-698.445,-256.38,-698.445,-256.38,-698.445,-256.38,-698.445,-256.38,-698.445,-256.38,-50.924,-45.152,-3.877,-45.034,-172.161,-15.728,-698.445,-256.38,
0.0,0.0,-172.149,262.113,-248.434,305.155,-698.441,-256.363,-698.441,-256.363,-95.828,224.933,-698.441,-256.363,-698.441,-256.363,-698.441,-256.363,-698.441,-256.363,-698.441,-256.363,-698.441,-256.363,-698.441,-256.363,-698.441,-256.363,-52.752,-45.145,-3.891,-45.052,-174.109,-11.814,-698.441,-256.363,
0.0,0.0,-170.33,264.081,-240.746,303.229,-696.621,-256.354,-696.621,-256.354,-94.014,224.954,-696.621,-256.354,-696.621,-256.354,-696.621,-256.354,-696.621,-256.354,-696.621,-256.354,-696.621,-256.354,-696.621,-256.354,-696.621,-256.354,-50.932,-45.117,-2.126,-45.062,-162.518,-15.697,-696.621,-256.354,
0.0,0.0,-166.394,260.166,-236.846,301.254,-696.621,-256.357,-696.621,-256.357,-72.507,228.864,-696.621,-256.357,-696.621,-256.357,-696.621,-256.357,-696.621,-256.357,-696.621,-256.357,-696.621,-256.357,-696.621,-256.357,-696.621,-256.357,-51.025,-45.136,-2.132,-45.071,-172.246,-13.759,-696.621,-256.357,
0.0,0.0,-168.229,260.195,-244.526,301.302,-698.457,-256.32,-698.457,-256.32,-76.288,230.849,-698.457,-256.32,-698.457,-256.32,-698.457,-256.32,-698.457,-256.32,-698.457,-256.32,-698.457,-256.32,-698.457,-256.32,-698.457,-256.32,-54.749,-45.09,-5.831,-45.022,-170.184,-15.673,-698.457,-256.32,
0.0,0.0,-172.177,248.513,-234.802,287.655,-698.492,-256.255,-698.492,-256.255,-97.846,203.543,-698.492,-256.255,-698.492,-256.255,-698.492,-256.255,-698.492,-256.255,-698.492,-256.255,-698.492,-256.255,-698.492,-256.255,-698.492,-256.255,-52.901,-46.821,-5.886,-46.824,-164.368,-19.521,-698.492,-256.255,
0.0,0.0,-166.335,236.808,-221.098,281.785,-698.501,-256.244,-698.501,-256.244,-105.665,191.796,-698.501,-256.244,-698.501,-256.244,-698.501,-256.244,-698.501,-256.244,-698.501,-256.244,-698.501,-256.244,-698.501,-256.244,-698.501,-256.244,-52.887,-44.907,-5.892,-46.817,-160.5,-17.559,-698.501,-256.244,
0.0,0.0,-170.27,242.7,-211.353,283.795,-698.528,-256.218,-698.528,-256.218,-107.664,187.911,-698.528,-256.218,-698.528,-256.218,-698.528,-256.218,-698.528,-256.218,-698.528,-256.218,-698.528,-256.218,-698.528,-256.218,-698.528,-256.218,-54.843,-44.868,-5.921,-46.83,-156.569,-21.431,-698.528,-256.218,
0.0,0.0,-168.247,232.82,-207.361,269.979,-700.411,-254.363,-700.411,-254.363,-109.544,187.815,-700.411,-254.363,-700.411,-254.363,-700.411,-254.363,-700.411,-254.363,-700.411,-254.363,-700.411,-254.363,-700.411,-254.363,-700.411,-254.363,-56.74,-42.983,-7.783,-44.989,-160.419,-13.692,-700.411,-254.363,
0.0,0.0,-168.28,234.838,-209.374,268.108,-700.466,-254.276,-700.466,-254.276,-111.548,187.902,-700.466,-254.276,-700.466,-254.276,-700.466,-254.276,-700.466,-254.276,-700.466,-254.276,-700.466,-254.276,-700.466,-254.276,-700.466,-254.276,-54.866,-42.892,-5.972,-44.981,-160.428,-13.618,-700.466,-254.276,
0.0,0.0,-168.253,228.99,-205.427,262.244,-702.376,-254.276,-702.376,-254.276,-144.731,205.517,-702.376,-254.276,-702.376,-254.276,-702.376,-254.276,-702.376,-254.276,-702.376,-254.276,-702.376,-254.276,-702.376,-254.276,-702.376,-254.276,-56.731,-41.052,-7.886,-44.964,-154.533,-17.536,-702.376,-254.276,
0.0,0.0,-166.299,230.839,-209.359,271.919,-700.445,-250.466,-700.445,-250.466,-140.847,207.346,-700.445,-250.466,-700.445,-250.466,-700.445,-250.466,-700.445,-250.466,-700.445,-250.466,-700.445,-250.466,-700.445,-250.466,-700.445,-250.466,-58.685,-39.079,-5.975,-43.089,-152.642,-9.828,-700.445,-250.466,
0.0,0.0,-166.282,240.611,-213.25,283.651,-700.413,-248.515,-700.413,-248.515,-109.542,181.934,-700.413,-248.515,-700.413,-248.515,-700.413,-248.515,-700.413,-248.515,-700.413,-248.515,-700.413,-248.515,-700.413,-248.515,-700.413,-248.515,-58.654,-37.162,-5.962,-43.054,-160.41,-1.996,-700.413,-248.515,
0.0,0.0,-170.224,248.475,-223.066,289.577,-700.446,-248.47,-700.446,-248.47,-107.635,187.85,-700.446,-248.47,-700.446,-248.47,-700.446,-248.47,-700.446,-248.47,-700.446,-248.47,-700.446,-248.47,-700.446,-248.47,-700.446,-248.47,-60.684,-37.159,-7.805,-43.053,-160.449,0.015,-700.446,-248.47,
0.0,0.0,-168.272,252.391,-221.101,293.462,-700.437,-246.529,-700.437,-246.529,-138.903,219.117,-700.437,-246.529,-700.437,-246.529,-700.437,-246.529,-700.437,-246.529,-700.437,-246.529,-700.437,-246.529,-700.437,-246.529,-700.437,-246.529,-62.57,-35.278,-7.832,-43.058,-160.422,5.843,-700.437,-246.529,
0.0,0.0,-172.167,252.374,-219.114,295.408,-702.385,-246.544,-702.385,-246.544,-131.078,219.108,-702.385,-246.544,-702.385,-246.544,-702.385,-246.544,-702.385,-246.544,-702.385,-246.544,-702.385,-246.544,-702.385,-246.544,-702.385,-246.544,-62.626,-37.113,-7.934,-41.157,-154.569,-7.863,-702.385,-246.544,
0.0,0.0,-170.228,252.352,-217.188,295.382,-702.412,-244.609,-702.412,-244.609,-113.488,185.818,-702.412,-244.609,-702.412,-244.609,-702.412,-244.609,-702.412,-244.609,-702.412,-244.609,-702.412,-244.609,-702.412,-244.609,-702.412,-244.609,-62.604,-35.172,-7.958,-43.073,-164.346,-1.985,-702.412,-244.609,
0.0,0.0,-174.12,248.464,-223.052,295.425,-706.306,-244.579,-706.306,-244.579,-113.485,185.867,-706.306,-244.579,-706.306,-244.579,-706.306,-244.579,-706.306,-244.579,-706.306,-244.579,-706.306,-244.579,-706.306,-244.579,-706.306,-244.579,-66.511,-35.143,-11.836,-46.942,-162.382,-1.972,-706.306,-244.579,
0.0,0.0,-178.011,264.059,-213.228,291.481,-708.239,-242.659,-708.239,-242.659,-123.239,228.868,-708.239,-242.659,-708.239,-242.659,-708.239,-242.659,-708.239,-242.659,-708.239,-242.659,-708.239,-242.659,-708.239,-242.659,-708.239,-242.659,-62.626,-33.251,-13.697,-45.074,-170.188,7.79,-708.239,-242.659,
0.0,0.0,-176.037,258.321,-221.03,293.541,-710.174,-242.551,-710.174,-242.551,-109.521,187.891,-710.174,-242.551,-710.174,-242.551,-710.174,-242.551,-710.174,-242.551,-710.174,-242.551,-710.174,-242.551,-710.174,-242.551,-710.174,-242.551,-64.489,-33.182,-15.574,-46.874,-164.311,-1.876,-710.174,-242.551,
0.0,0.0,-170.236,248.513,-207.422,275.918,-710.253,-240.609,-710.253,-240.609,-107.62,189.809,-710.253,-240.609,-710.253,-240.609,-710.253,-240.609,-710.253,-240.609,-710.253,-240.609,-710.253,-240.609,-710.253,-240.609,-710.253,-240.609,-62.711,-31.327,-15.619,-45.032,-156.547,-5.826,-710.253,-240.609,
0.0,0.0,-172.179,260.194,-232.85,301.306,-712.197,-238.707,-712.197,-238.707,-107.614,197.61,-712.197,-238.707,-712.197,-238.707,-712.197,-238.707,-712.197,-238.707,-712.197,-238.707,-712.197,-238.707,-712.197,-238.707,-712.197,-238.707,-64.535,-31.306,-15.654,-43.135,-156.57,-3.928,-712.197,-238.707,
0.0,0.0,-168.285,258.254,-234.827,299.344,-712.216,-238.702,-712.216,-238.702,-95.935,203.477,-712.216,-238.702,-712.216,-238.702,-712.216,-238.702,-712.216,-238.702,-712.216,-238.702,-712.216,-238.702,-712.216,-238.702,-712.216,-238.702,-62.722,-31.286,-13.772,-43.113,-158.511,9.771,-712.216,-238.702,
0.0,0.0,-164.357,256.411,-238.704,303.355,-714.124,-240.547,-714.124,-240.547,-95.843,205.555,-714.124,-240.547,-714.124,-240.547,-714.124,-240.547,-714.124,-240.547,-714.124,-240.547,-714.124,-240.547,-714.124,-240.547,-714.124,-240.547,-64.548,-31.279,-13.723,-44.909,-154.532,-1.867,-714.124,-240.547,
0.0,0.0,-170.199,250.436,-238.687,299.352,-714.127,-240.646,-714.127,-240.646,-101.746,195.678,-714.127,-240.646,-714.127,-240.646,-714.127,-240.646,-714.127,-240.646,-714.127,-240.646,-714.127,-240.646,-714.127,-240.646,-714.127,-240.646,-62.6,-31.312,-11.734,-44.985,-156.527,5.874,-714.127,-240.646,
0.0,0.0,-170.288,246.594,-227.01,293.556,-714.196,-242.54,-714.196,-242.54,-103.763,189.849,-714.196,-242.54,-714.196,-242.54,-714.196,-242.54,-714.196,-242.54,-714.196,-242.54,-714.196,-242.54,-714.196,-242.54,-714.196,-242.54,-62.621,-33.148,-9.855,-46.821,-156.597,5.933,-714.196,-242.54,
0.0,0.0,-176.128,248.412,-232.86,299.267,-716.113,-242.69,-716.113,-242.69,-111.552,185.791,-716.113,-242.69,-716.113,-242.69,-716.113,-242.69,-716.113,-242.69,-716.113,-242.69,-716.113,-242.69,-716.113,-242.69,-716.113,-242.69,-62.598,-33.279,-7.92,-43.105,-156.53,7.739,-716.113,-242.69,
0.0,0.0,-179.978,244.529,-221.055,281.691,-719.974,-244.611,-719.974,-244.611,-119.315,187.777,-719.974,-244.611,-719.974,-244.611,-719.974,-244.611,-719.974,-244.611,-719.974,-244.611,-719.974,-244.611,-719.974,-244.611,-719.974,-244.611,-60.657,-33.369,-11.725,-43.077,-162.343,-0.031,-719.974,-244.611,
0.0,0.0,-178.073,244.562,-226.969,283.707,-718.06,-246.525,-718.06,-246.525,-111.549,189.792,-718.06,-246.525,-718.06,-246.525,-718.06,-246.525,-718.06,-246.525,-718.06,-246.525,-718.06,-246.525,-718.06,-246.525,-718.06,-246.525,-58.684,-35.209,-9.802,-43.015,-162.382,9.78,-718.06,-246.525,
0.0,0.0,-179.988,250.392,-238.685,295.402,-718.04,-246.549,-718.04,-246.549,-109.567,193.679,-718.04,-246.549,-718.04,-246.549,-718.04,-246.549,-718.04,-246.549,-718.04,-246.549,-718.04,-246.549,-718.04,-246.549,-718.04,-246.549,-56.76,-35.263,-9.777,-41.11,-166.281,7.801,-718.04,-246.549,
0.0,0.0,-180.038,244.56,-225.044,283.701,-718.084,-246.512,-718.084,-246.512,-113.515,185.886,-718.084,-246.512,-718.084,-246.512,-718.084,-246.512,-718.084,-246.512,-718.084,-246.512,-718.084,-246.512,-718.084,-246.512,-718.084,-246.512,-54.907,-37.107,-9.807,-43.049,-164.415,3.934,-718.084,-246.512,
0.0,0.0,-182.005,244.512,-236.767,293.42,-720.036,-244.609,-720.036,-244.609,-115.485,183.884,-720.036,-244.609,-720.036,-244.609,-720.036,-244.609,-720.036,-244.609,-720.036,-244.609,-720.036,-244.609,-720.036,-244.609,-720.036,-244.609,-56.825,-37.21,-11.843,-45.006,-158.514,-15.7,-720.036,-244.609,
0.0,0.0,-183.917,248.391,-230.843,289.493,-721.938,-242.697,-721.938,-242.697,-119.324,195.57,-721.938,-242.697,-721.938,-242.697,-721.938,-242.697,-721.938,-242.697,-721.938,-242.697,-721.938,-242.697,-721.938,-242.697,-721.938,-242.697,-58.721,-39.199,-13.667,-45.017,-179.972,5.764,-721.938,-242.697,
0.0,0.0,-183.89,248.392,-224.963,285.569,-721.93,-240.737,-721.93,-240.737,-121.258,199.486,-721.93,-240.737,-721.93,-240.737,-721.93,-240.737,-721.93,-240.737,-721.93,-240.737,-721.93,-240.737,-721.93,-240.737,-721.93,-240.737,-58.741,-41.145,-13.678,-43.165,-178.011,7.746,-721.93,-240.737,
0.0,0.0,-183.866,234.825,-234.742,283.744,-721.92,-240.624,-721.92,-240.624,-125.172,174.152,-721.92,-240.624,-721.92,-240.624,-721.92,-240.624,-721.92,-240.624,-721.92,-240.624,-721.92,-240.624,-721.92,-240.624,-721.92,-240.624,-58.657,-43.009,-11.801,-44.937,-181.958,9.82,-721.92,-240.624,
0.0,0.0,-183.856,234.842,-234.715,283.778,-723.852,-240.582,-723.852,-240.582,-125.156,164.432,-723.852,-240.582,-723.852,-240.582,-723.852,-240.582,-723.852,-240.582,-723.852,-240.582,-723.852,-240.582,-723.852,-240.582,-723.852,-240.582,-60.584,-44.846,-13.649,-44.979,-177.984,2.008,-723.852,-240.582,
0.0,0.0,-189.704,269.999,-246.437,301.293,-725.785,-238.711,-725.785,-238.711,-117.312,242.604,-725.785,-238.711,-725.785,-238.711,-725.785,-238.711,-725.785,-238.711,-725.785,-238.711,-725.785,-238.711,-725.785,-238.711,-725.785,-238.711,-62.455,-43.007,-15.552,-43.131,-176.013,9.762,-725.785,-238.711,
0.0,0.0,-189.741,270.0,-725.837,-238.723,-725.837,-238.723,-725.837,-238.723,-113.452,244.536,-725.837,-238.723,-725.837,-238.723,-725.837,-238.723,-725.837,-238.723,-725.837,-238.723,-725.837,-238.723,-725.837,-238.723,-725.837,-238.723,-62.545,-43.04,-15.534,-43.1,-166.292,1.919,-725.837,-238.723,
0.0,0.0,-191.73,269.961,-725.871,-238.73,-725.871,-238.73,-725.871,-238.73,-113.492,238.654,-725.871,-238.73,-725.871,-238.73,-725.871,-238.73,-725.871,-238.73,-725.871,-238.73,-725.871,-238.73,-725.871,-238.73,-725.871,-238.73,-60.691,-43.05,-13.755,-43.077,-162.39,-7.857,-725.871,-238.73,
0.0,0.0,-189.787,268.045,-244.569,301.291,-725.89,-238.702,-725.89,-238.702,-121.314,236.734,-725.89,-238.702,-725.89,-238.702,-725.89,-238.702,-725.89,-238.702,-725.89,-238.702,-725.89,-238.702,-725.89,-238.702,-725.89,-238.702,-60.7,-43.051,-13.744,-43.072,-160.489,-9.797,-725.89,-238.702,
0.0,0.0,-189.842,270.044,-238.752,299.396,-725.94,-238.644,-725.94,-238.644,-115.506,236.807,-725.94,-238.644,-725.94,-238.644,-725.94,-238.644,-725.94,-238.644,-725.94,-238.644,-725.94,-238.644,-725.94,-238.644,-725.94,-238.644,-60.686,-43.037,-13.793,-43.044,-172.251,5.936,-725.94,-238.644,
0.0,0.0,-178.02,209.422,-727.784,-238.635,-727.784,-238.635,-727.784,-238.635,-727.784,-238.635,-727.784,-238.635,-727.784,-238.635,-727.784,-238.635,-727.784,-238.635,-727.784,-238.635,-727.784,-238.635,-727.784,-238.635,-727.784,-238.635,-60.628,-44.858,-15.651,-43.057,-164.305,2.019,-727.784,-238.635,
0.0,0.0,-191.731,270.05,-244.538,301.327,-727.811,-238.656,-727.811,-238.656,-115.431,240.697,-727.811,-238.656,-727.811,-238.656,-727.811,-238.656,-727.811,-238.656,-727.811,-238.656,-727.811,-238.656,-727.811,-238.656,-727.811,-238.656,-60.63,-43.067,-15.642,-43.068,-166.282,3.94,-727.811,-238.656,
